[{
  "_id": {
    "$oid": "613352b0127201eb60a751b1"
  },
  "id": "5b31122cd0998c15939ff65e",
  "post_id": "5b31122bd0998c15939ff5e7",
  "author_id": "1",
  "sort_order": 0
},{
  "_id": {
    "$oid": "613352b0127201eb60a751b2"
  },
  "id": "5b31122cd0998c15939ff663",
  "post_id": "5b31122bd0998c15939ff5e8",
  "author_id": "1",
  "sort_order": 0
},{
  "_id": {
    "$oid": "613352b0127201eb60a751b3"
  },
  "id": "5b31122cd0998c15939ff669",
  "post_id": "5b31122bd0998c15939ff5e9",
  "author_id": "1",
  "sort_order": 0
},{
  "_id": {
    "$oid": "613352b0127201eb60a751b4"
  },
  "id": "5b31122cd0998c15939ff66e",
  "post_id": "5b31122bd0998c15939ff5ea",
  "author_id": "1",
  "sort_order": 0
},{
  "_id": {
    "$oid": "613352b0127201eb60a751b5"
  },
  "id": "5b31122cd0998c15939ff672",
  "post_id": "5b31122bd0998c15939ff5eb",
  "author_id": "1",
  "sort_order": 0
},{
  "_id": {
    "$oid": "613352b0127201eb60a751b6"
  },
  "id": "5b31122cd0998c15939ff676",
  "post_id": "5b31122bd0998c15939ff5ec",
  "author_id": "1",
  "sort_order": 0
},{
  "_id": {
    "$oid": "613352b0127201eb60a751b7"
  },
  "id": "5b31122cd0998c15939ff67c",
  "post_id": "5b31122bd0998c15939ff5ed",
  "author_id": "1",
  "sort_order": 0
},{
  "_id": {
    "$oid": "613352b0127201eb60a751b8"
  },
  "id": "5b31122cd0998c15939ff680",
  "post_id": "5b31122bd0998c15939ff5ee",
  "author_id": "1",
  "sort_order": 0
},{
  "_id": {
    "$oid": "613352b0127201eb60a751b9"
  },
  "id": "5b31122cd0998c15939ff685",
  "post_id": "5b31122bd0998c15939ff5ef",
  "author_id": "1",
  "sort_order": 0
},{
  "_id": {
    "$oid": "613352b0127201eb60a751ba"
  },
  "id": "5b31122cd0998c15939ff688",
  "post_id": "5b31122bd0998c15939ff5f0",
  "author_id": "1",
  "sort_order": 0
},{
  "_id": {
    "$oid": "613352b0127201eb60a751bb"
  },
  "id": "5b31122cd0998c15939ff68b",
  "post_id": "5b31122bd0998c15939ff5f1",
  "author_id": "1",
  "sort_order": 0
},{
  "_id": {
    "$oid": "613352b0127201eb60a751bc"
  },
  "id": "5b31122cd0998c15939ff691",
  "post_id": "5b31122bd0998c15939ff5f2",
  "author_id": "1",
  "sort_order": 0
},{
  "_id": {
    "$oid": "613352b0127201eb60a751bd"
  },
  "id": "5b31122cd0998c15939ff694",
  "post_id": "5b31122bd0998c15939ff5f3",
  "author_id": "1",
  "sort_order": 0
},{
  "_id": {
    "$oid": "613352b0127201eb60a751be"
  },
  "id": "5b31122cd0998c15939ff699",
  "post_id": "5b31122bd0998c15939ff5f4",
  "author_id": "1",
  "sort_order": 0
},{
  "_id": {
    "$oid": "613352b0127201eb60a751bf"
  },
  "id": "5b31122cd0998c15939ff69d",
  "post_id": "5b31122bd0998c15939ff5f5",
  "author_id": "1",
  "sort_order": 0
},{
  "_id": {
    "$oid": "613352b0127201eb60a751c0"
  },
  "id": "5b31122cd0998c15939ff6a0",
  "post_id": "5b31122bd0998c15939ff5f6",
  "author_id": "1",
  "sort_order": 0
},{
  "_id": {
    "$oid": "613352b0127201eb60a751c1"
  },
  "id": "5b31122cd0998c15939ff6a3",
  "post_id": "5b31122bd0998c15939ff5f7",
  "author_id": "1",
  "sort_order": 0
},{
  "_id": {
    "$oid": "613352b0127201eb60a751c2"
  },
  "id": "5b31122cd0998c15939ff6a6",
  "post_id": "5b31122bd0998c15939ff5f8",
  "author_id": "1",
  "sort_order": 0
},{
  "_id": {
    "$oid": "613352b0127201eb60a751c3"
  },
  "id": "5b31122cd0998c15939ff6a9",
  "post_id": "5b31122bd0998c15939ff5f9",
  "author_id": "1",
  "sort_order": 0
},{
  "_id": {
    "$oid": "613352b0127201eb60a751c4"
  },
  "id": "5b31122cd0998c15939ff6af",
  "post_id": "5b31122bd0998c15939ff5fa",
  "author_id": "1",
  "sort_order": 0
},{
  "_id": {
    "$oid": "613352b0127201eb60a751c5"
  },
  "id": "5b31122cd0998c15939ff6b7",
  "post_id": "5b31122bd0998c15939ff5fb",
  "author_id": "1",
  "sort_order": 0
},{
  "_id": {
    "$oid": "613352b0127201eb60a751c6"
  },
  "id": "5b31122cd0998c15939ff6ba",
  "post_id": "5b31122bd0998c15939ff5fc",
  "author_id": "1",
  "sort_order": 0
},{
  "_id": {
    "$oid": "613352b0127201eb60a751c7"
  },
  "id": "5b31122dd0998c15939ff6be",
  "post_id": "5b31122bd0998c15939ff5fd",
  "author_id": "1",
  "sort_order": 0
},{
  "_id": {
    "$oid": "613352b0127201eb60a751c8"
  },
  "id": "5b31122dd0998c15939ff6c0",
  "post_id": "5b31122bd0998c15939ff5fe",
  "author_id": "1",
  "sort_order": 0
},{
  "_id": {
    "$oid": "613352b0127201eb60a751c9"
  },
  "id": "5b31122dd0998c15939ff6c8",
  "post_id": "5b31122bd0998c15939ff5ff",
  "author_id": "1",
  "sort_order": 0
},{
  "_id": {
    "$oid": "613352b0127201eb60a751ca"
  },
  "id": "5b31122dd0998c15939ff6cd",
  "post_id": "5b31122bd0998c15939ff600",
  "author_id": "1",
  "sort_order": 0
},{
  "_id": {
    "$oid": "613352b0127201eb60a751cb"
  },
  "id": "5b31122dd0998c15939ff6d0",
  "post_id": "5b31122bd0998c15939ff601",
  "author_id": "1",
  "sort_order": 0
},{
  "_id": {
    "$oid": "613352b0127201eb60a751cc"
  },
  "id": "5b31122dd0998c15939ff6d6",
  "post_id": "5b31122bd0998c15939ff602",
  "author_id": "1",
  "sort_order": 0
},{
  "_id": {
    "$oid": "613352b0127201eb60a751cd"
  },
  "id": "5b31122dd0998c15939ff6db",
  "post_id": "5b31122bd0998c15939ff603",
  "author_id": "1",
  "sort_order": 0
},{
  "_id": {
    "$oid": "613352b0127201eb60a751ce"
  },
  "id": "5b31122dd0998c15939ff6dd",
  "post_id": "5b31122bd0998c15939ff604",
  "author_id": "1",
  "sort_order": 0
},{
  "_id": {
    "$oid": "613352b0127201eb60a751cf"
  },
  "id": "5b31122dd0998c15939ff6e2",
  "post_id": "5b31122bd0998c15939ff605",
  "author_id": "1",
  "sort_order": 0
},{
  "_id": {
    "$oid": "613352b0127201eb60a751d0"
  },
  "id": "5b31122dd0998c15939ff6e6",
  "post_id": "5b31122bd0998c15939ff606",
  "author_id": "1",
  "sort_order": 0
},{
  "_id": {
    "$oid": "613352b0127201eb60a751d1"
  },
  "id": "5b31122dd0998c15939ff6e9",
  "post_id": "5b31122bd0998c15939ff607",
  "author_id": "1",
  "sort_order": 0
},{
  "_id": {
    "$oid": "613352b0127201eb60a751d2"
  },
  "id": "5b31122dd0998c15939ff6ed",
  "post_id": "5b31122bd0998c15939ff608",
  "author_id": "1",
  "sort_order": 0
},{
  "_id": {
    "$oid": "613352b0127201eb60a751d3"
  },
  "id": "5b31122dd0998c15939ff6ee",
  "post_id": "5b31122bd0998c15939ff609",
  "author_id": "1",
  "sort_order": 0
},{
  "_id": {
    "$oid": "613352b0127201eb60a751d4"
  },
  "id": "5b31122dd0998c15939ff6f0",
  "post_id": "5b31122bd0998c15939ff60a",
  "author_id": "1",
  "sort_order": 0
},{
  "_id": {
    "$oid": "613352b0127201eb60a751d5"
  },
  "id": "5b31122dd0998c15939ff6f1",
  "post_id": "5b31122bd0998c15939ff60b",
  "author_id": "1",
  "sort_order": 0
},{
  "_id": {
    "$oid": "613352b0127201eb60a751d6"
  },
  "id": "5b31122dd0998c15939ff6f5",
  "post_id": "5b31122bd0998c15939ff60c",
  "author_id": "1",
  "sort_order": 0
},{
  "_id": {
    "$oid": "613352b0127201eb60a751d7"
  },
  "id": "5b31122dd0998c15939ff6f8",
  "post_id": "5b31122bd0998c15939ff60d",
  "author_id": "1",
  "sort_order": 0
},{
  "_id": {
    "$oid": "613352b0127201eb60a751d8"
  },
  "id": "5b31122dd0998c15939ff6fb",
  "post_id": "5b31122bd0998c15939ff60e",
  "author_id": "1",
  "sort_order": 0
},{
  "_id": {
    "$oid": "613352b0127201eb60a751d9"
  },
  "id": "5b31122dd0998c15939ff6fd",
  "post_id": "5b31122bd0998c15939ff60f",
  "author_id": "1",
  "sort_order": 0
},{
  "_id": {
    "$oid": "613352b0127201eb60a751da"
  },
  "id": "5b31122dd0998c15939ff6ff",
  "post_id": "5b31122bd0998c15939ff610",
  "author_id": "1",
  "sort_order": 0
},{
  "_id": {
    "$oid": "613352b0127201eb60a751db"
  },
  "id": "5b31122dd0998c15939ff702",
  "post_id": "5b31122bd0998c15939ff611",
  "author_id": "1",
  "sort_order": 0
},{
  "_id": {
    "$oid": "613352b0127201eb60a751dc"
  },
  "id": "5b31122dd0998c15939ff706",
  "post_id": "5b31122bd0998c15939ff612",
  "author_id": "1",
  "sort_order": 0
},{
  "_id": {
    "$oid": "613352b0127201eb60a751dd"
  },
  "id": "5b31122dd0998c15939ff70a",
  "post_id": "5b31122bd0998c15939ff613",
  "author_id": "1",
  "sort_order": 0
},{
  "_id": {
    "$oid": "613352b0127201eb60a751de"
  },
  "id": "5b31122dd0998c15939ff70c",
  "post_id": "5b31122bd0998c15939ff614",
  "author_id": "1",
  "sort_order": 0
},{
  "_id": {
    "$oid": "613352b0127201eb60a751df"
  },
  "id": "5b31122dd0998c15939ff70e",
  "post_id": "5b31122bd0998c15939ff615",
  "author_id": "1",
  "sort_order": 0
},{
  "_id": {
    "$oid": "613352b0127201eb60a751e0"
  },
  "id": "5b31122dd0998c15939ff711",
  "post_id": "5b31122bd0998c15939ff616",
  "author_id": "1",
  "sort_order": 0
},{
  "_id": {
    "$oid": "613352b0127201eb60a751e1"
  },
  "id": "5b31122dd0998c15939ff714",
  "post_id": "5b31122bd0998c15939ff617",
  "author_id": "1",
  "sort_order": 0
},{
  "_id": {
    "$oid": "613352b0127201eb60a751e2"
  },
  "id": "5b31122dd0998c15939ff719",
  "post_id": "5b31122bd0998c15939ff618",
  "author_id": "1",
  "sort_order": 0
},{
  "_id": {
    "$oid": "613352b0127201eb60a751e3"
  },
  "id": "5b31122dd0998c15939ff71c",
  "post_id": "5b31122bd0998c15939ff619",
  "author_id": "1",
  "sort_order": 0
},{
  "_id": {
    "$oid": "613352b0127201eb60a751e4"
  },
  "id": "5b31122ed0998c15939ff71f",
  "post_id": "5b31122bd0998c15939ff61b",
  "author_id": "1",
  "sort_order": 0
},{
  "_id": {
    "$oid": "613352b0127201eb60a751e5"
  },
  "id": "5b31122ed0998c15939ff724",
  "post_id": "5b31122bd0998c15939ff61d",
  "author_id": "1",
  "sort_order": 0
},{
  "_id": {
    "$oid": "613352b0127201eb60a751e6"
  },
  "id": "5b31122ed0998c15939ff728",
  "post_id": "5b31122bd0998c15939ff61e",
  "author_id": "1",
  "sort_order": 0
},{
  "_id": {
    "$oid": "613352b0127201eb60a751e7"
  },
  "id": "5b31122ed0998c15939ff731",
  "post_id": "5b31122bd0998c15939ff626",
  "author_id": "1",
  "sort_order": 0
},{
  "_id": {
    "$oid": "613352b0127201eb60a751e8"
  },
  "id": "5b31122ed0998c15939ff732",
  "post_id": "5b31122bd0998c15939ff627",
  "author_id": "1",
  "sort_order": 0
},{
  "_id": {
    "$oid": "613352b0127201eb60a751e9"
  },
  "id": "5b31122ed0998c15939ff736",
  "post_id": "5b31122bd0998c15939ff628",
  "author_id": "1",
  "sort_order": 0
},{
  "_id": {
    "$oid": "613352b0127201eb60a751ea"
  },
  "id": "5b31122ed0998c15939ff739",
  "post_id": "5b31122bd0998c15939ff629",
  "author_id": "1",
  "sort_order": 0
},{
  "_id": {
    "$oid": "613352b0127201eb60a751eb"
  },
  "id": "5b31122ed0998c15939ff73c",
  "post_id": "5b31122bd0998c15939ff62a",
  "author_id": "1",
  "sort_order": 0
},{
  "_id": {
    "$oid": "613352b0127201eb60a751ec"
  },
  "id": "5b31122ed0998c15939ff73f",
  "post_id": "5b31122bd0998c15939ff62b",
  "author_id": "1",
  "sort_order": 0
},{
  "_id": {
    "$oid": "613352b0127201eb60a751ed"
  },
  "id": "5b31122ed0998c15939ff742",
  "post_id": "5b31122bd0998c15939ff62c",
  "author_id": "1",
  "sort_order": 0
},{
  "_id": {
    "$oid": "613352b0127201eb60a751ee"
  },
  "id": "5b31122ed0998c15939ff746",
  "post_id": "5b31122bd0998c15939ff62d",
  "author_id": "1",
  "sort_order": 0
},{
  "_id": {
    "$oid": "613352b0127201eb60a751ef"
  },
  "id": "5b31122ed0998c15939ff748",
  "post_id": "5b31122bd0998c15939ff62e",
  "author_id": "1",
  "sort_order": 0
},{
  "_id": {
    "$oid": "613352b0127201eb60a751f0"
  },
  "id": "5b31122ed0998c15939ff74b",
  "post_id": "5b31122bd0998c15939ff62f",
  "author_id": "1",
  "sort_order": 0
},{
  "_id": {
    "$oid": "613352b0127201eb60a751f1"
  },
  "id": "5b31122ed0998c15939ff74f",
  "post_id": "5b31122bd0998c15939ff630",
  "author_id": "1",
  "sort_order": 0
},{
  "_id": {
    "$oid": "613352b0127201eb60a751f2"
  },
  "id": "5b31122ed0998c15939ff752",
  "post_id": "5b31122bd0998c15939ff631",
  "author_id": "1",
  "sort_order": 0
},{
  "_id": {
    "$oid": "613352b0127201eb60a751f3"
  },
  "id": "5b31122ed0998c15939ff755",
  "post_id": "5b31122bd0998c15939ff632",
  "author_id": "1",
  "sort_order": 0
},{
  "_id": {
    "$oid": "613352b0127201eb60a751f4"
  },
  "id": "5b31122ed0998c15939ff758",
  "post_id": "5b31122bd0998c15939ff633",
  "author_id": "1",
  "sort_order": 0
},{
  "_id": {
    "$oid": "613352b0127201eb60a751f5"
  },
  "id": "5b31122ed0998c15939ff75d",
  "post_id": "5b31122bd0998c15939ff634",
  "author_id": "1",
  "sort_order": 0
},{
  "_id": {
    "$oid": "613352b0127201eb60a751f6"
  },
  "id": "5b31122ed0998c15939ff761",
  "post_id": "5b31122bd0998c15939ff635",
  "author_id": "1",
  "sort_order": 0
},{
  "_id": {
    "$oid": "613352b0127201eb60a751f7"
  },
  "id": "5b31122ed0998c15939ff765",
  "post_id": "5b31122bd0998c15939ff636",
  "author_id": "1",
  "sort_order": 0
},{
  "_id": {
    "$oid": "613352b0127201eb60a751f8"
  },
  "id": "5b31122ed0998c15939ff768",
  "post_id": "5b31122bd0998c15939ff637",
  "author_id": "1",
  "sort_order": 0
},{
  "_id": {
    "$oid": "613352b0127201eb60a751f9"
  },
  "id": "5b31122ed0998c15939ff76c",
  "post_id": "5b31122bd0998c15939ff638",
  "author_id": "1",
  "sort_order": 0
},{
  "_id": {
    "$oid": "613352b0127201eb60a751fa"
  },
  "id": "5b31122ed0998c15939ff772",
  "post_id": "5b31122bd0998c15939ff639",
  "author_id": "1",
  "sort_order": 0
},{
  "_id": {
    "$oid": "613352b0127201eb60a751fb"
  },
  "id": "5b31122ed0998c15939ff773",
  "post_id": "5b31122bd0998c15939ff63a",
  "author_id": "1",
  "sort_order": 0
},{
  "_id": {
    "$oid": "613352b0127201eb60a751fc"
  },
  "id": "5b31122ed0998c15939ff778",
  "post_id": "5b31122bd0998c15939ff63b",
  "author_id": "1",
  "sort_order": 0
},{
  "_id": {
    "$oid": "613352b0127201eb60a751fd"
  },
  "id": "5b31122fd0998c15939ff77b",
  "post_id": "5b31122bd0998c15939ff63c",
  "author_id": "1",
  "sort_order": 0
},{
  "_id": {
    "$oid": "613352b0127201eb60a751fe"
  },
  "id": "5b31122fd0998c15939ff77e",
  "post_id": "5b31122bd0998c15939ff63d",
  "author_id": "1",
  "sort_order": 0
},{
  "_id": {
    "$oid": "613352b0127201eb60a751ff"
  },
  "id": "5b31122fd0998c15939ff780",
  "post_id": "5b31122bd0998c15939ff63e",
  "author_id": "1",
  "sort_order": 0
},{
  "_id": {
    "$oid": "613352b0127201eb60a75200"
  },
  "id": "5b31122fd0998c15939ff784",
  "post_id": "5b31122bd0998c15939ff63f",
  "author_id": "1",
  "sort_order": 0
},{
  "_id": {
    "$oid": "613352b0127201eb60a75201"
  },
  "id": "5b31122fd0998c15939ff788",
  "post_id": "5b31122bd0998c15939ff640",
  "author_id": "1",
  "sort_order": 0
},{
  "_id": {
    "$oid": "613352b0127201eb60a75202"
  },
  "id": "5b31122fd0998c15939ff789",
  "post_id": "5b31122bd0998c15939ff641",
  "author_id": "1",
  "sort_order": 0
},{
  "_id": {
    "$oid": "613352b0127201eb60a75203"
  },
  "id": "5b31122fd0998c15939ff78d",
  "post_id": "5b31122bd0998c15939ff642",
  "author_id": "1",
  "sort_order": 0
},{
  "_id": {
    "$oid": "613352b0127201eb60a75204"
  },
  "id": "5b31122fd0998c15939ff790",
  "post_id": "5b31122bd0998c15939ff643",
  "author_id": "1",
  "sort_order": 0
},{
  "_id": {
    "$oid": "613352b0127201eb60a75205"
  },
  "id": "5b31122fd0998c15939ff792",
  "post_id": "5b31122bd0998c15939ff644",
  "author_id": "1",
  "sort_order": 0
},{
  "_id": {
    "$oid": "613352b0127201eb60a75206"
  },
  "id": "5b31122fd0998c15939ff795",
  "post_id": "5b31122bd0998c15939ff645",
  "author_id": "1",
  "sort_order": 0
},{
  "_id": {
    "$oid": "613352b0127201eb60a75207"
  },
  "id": "5b31122fd0998c15939ff798",
  "post_id": "5b31122bd0998c15939ff646",
  "author_id": "1",
  "sort_order": 0
},{
  "_id": {
    "$oid": "613352b0127201eb60a75208"
  },
  "id": "5b31122fd0998c15939ff79a",
  "post_id": "5b31122bd0998c15939ff647",
  "author_id": "1",
  "sort_order": 0
},{
  "_id": {
    "$oid": "613352b0127201eb60a75209"
  },
  "id": "5b31122fd0998c15939ff7a0",
  "post_id": "5b31122bd0998c15939ff648",
  "author_id": "1",
  "sort_order": 0
},{
  "_id": {
    "$oid": "613352b0127201eb60a7520a"
  },
  "id": "5b31122fd0998c15939ff7a4",
  "post_id": "5b31122bd0998c15939ff649",
  "author_id": "1",
  "sort_order": 0
},{
  "_id": {
    "$oid": "613352b0127201eb60a7520b"
  },
  "id": "5b31122fd0998c15939ff7a8",
  "post_id": "5b31122bd0998c15939ff64a",
  "author_id": "1",
  "sort_order": 0
},{
  "_id": {
    "$oid": "613352b0127201eb60a7520c"
  },
  "id": "5b31122fd0998c15939ff7ab",
  "post_id": "5b31122bd0998c15939ff64b",
  "author_id": "1",
  "sort_order": 0
},{
  "_id": {
    "$oid": "613352b0127201eb60a7520d"
  },
  "id": "5b31122fd0998c15939ff7af",
  "post_id": "5b31122bd0998c15939ff64c",
  "author_id": "1",
  "sort_order": 0
},{
  "_id": {
    "$oid": "613352b0127201eb60a7520e"
  },
  "id": "5b31122fd0998c15939ff7b2",
  "post_id": "5b31122bd0998c15939ff64d",
  "author_id": "1",
  "sort_order": 0
},{
  "_id": {
    "$oid": "613352b0127201eb60a7520f"
  },
  "id": "5b31122fd0998c15939ff7b6",
  "post_id": "5b31122bd0998c15939ff64e",
  "author_id": "1",
  "sort_order": 0
},{
  "_id": {
    "$oid": "613352b0127201eb60a75210"
  },
  "id": "5b31122fd0998c15939ff7b7",
  "post_id": "5b31122bd0998c15939ff64f",
  "author_id": "1",
  "sort_order": 0
},{
  "_id": {
    "$oid": "613352b0127201eb60a75211"
  },
  "id": "5b31122fd0998c15939ff7b8",
  "post_id": "5b31122bd0998c15939ff650",
  "author_id": "1",
  "sort_order": 0
},{
  "_id": {
    "$oid": "613352b0127201eb60a75212"
  },
  "id": "5b31122fd0998c15939ff7bb",
  "post_id": "5b31122bd0998c15939ff651",
  "author_id": "1",
  "sort_order": 0
},{
  "_id": {
    "$oid": "613352b0127201eb60a75213"
  },
  "id": "5b31122fd0998c15939ff7bc",
  "post_id": "5b31122bd0998c15939ff652",
  "author_id": "1",
  "sort_order": 0
},{
  "_id": {
    "$oid": "613352b0127201eb60a75214"
  },
  "id": "5b31122fd0998c15939ff7bf",
  "post_id": "5b31122bd0998c15939ff653",
  "author_id": "1",
  "sort_order": 0
},{
  "_id": {
    "$oid": "613352b0127201eb60a75215"
  },
  "id": "5b31122fd0998c15939ff7c4",
  "post_id": "5b31122bd0998c15939ff654",
  "author_id": "1",
  "sort_order": 0
},{
  "_id": {
    "$oid": "613352b0127201eb60a75216"
  },
  "id": "5b31122fd0998c15939ff7c7",
  "post_id": "5b31122bd0998c15939ff655",
  "author_id": "1",
  "sort_order": 0
},{
  "_id": {
    "$oid": "613352b0127201eb60a75217"
  },
  "id": "5b31122fd0998c15939ff7cc",
  "post_id": "5b31122bd0998c15939ff656",
  "author_id": "1",
  "sort_order": 0
},{
  "_id": {
    "$oid": "613352b0127201eb60a75218"
  },
  "id": "5b31122fd0998c15939ff7d1",
  "post_id": "5b31122bd0998c15939ff657",
  "author_id": "1",
  "sort_order": 0
},{
  "_id": {
    "$oid": "613352b0127201eb60a75219"
  },
  "id": "5b31122fd0998c15939ff7d5",
  "post_id": "5b31122bd0998c15939ff658",
  "author_id": "1",
  "sort_order": 0
},{
  "_id": {
    "$oid": "613352b0127201eb60a7521a"
  },
  "id": "5b31122fd0998c15939ff7d8",
  "post_id": "5b31122bd0998c15939ff659",
  "author_id": "1",
  "sort_order": 0
},{
  "_id": {
    "$oid": "613352b0127201eb60a7521b"
  },
  "id": "5b31122fd0998c15939ff7dc",
  "post_id": "5b31122bd0998c15939ff65a",
  "author_id": "1",
  "sort_order": 0
},{
  "_id": {
    "$oid": "613352b0127201eb60a7521c"
  },
  "id": "5b31122fd0998c15939ff7e0",
  "post_id": "5b31122bd0998c15939ff65b",
  "author_id": "1",
  "sort_order": 0
},{
  "_id": {
    "$oid": "613352b0127201eb60a7521d"
  },
  "id": "5b311230d0998c15939ff7e5",
  "post_id": "5b31122bd0998c15939ff65c",
  "author_id": "1",
  "sort_order": 0
},{
  "_id": {
    "$oid": "613352b0127201eb60a7521e"
  },
  "id": "5b3cc227dc0d911ba6edac07",
  "post_id": "5b3cc227dc0d911ba6edac06",
  "author_id": "1",
  "sort_order": 0
},{
  "_id": {
    "$oid": "613352b0127201eb60a7521f"
  },
  "id": "5b6b12655d9d150530498e32",
  "post_id": "5b6b12655d9d150530498e31",
  "author_id": "1",
  "sort_order": 0
},{
  "_id": {
    "$oid": "613352b0127201eb60a75220"
  },
  "id": "5b6c176c5d9d150530498e34",
  "post_id": "5b6c176c5d9d150530498e33",
  "author_id": "1",
  "sort_order": 0
},{
  "_id": {
    "$oid": "613352b0127201eb60a75221"
  },
  "id": "5ba6ac9c5d9d150530498e47",
  "post_id": "5ba6ac9c5d9d150530498e46",
  "author_id": "1",
  "sort_order": 0
},{
  "_id": {
    "$oid": "613352b0127201eb60a75222"
  },
  "id": "5bb60f3a5d9d150530498e68",
  "post_id": "5bb60f3a5d9d150530498e67",
  "author_id": "1",
  "sort_order": 0
},{
  "_id": {
    "$oid": "613352b0127201eb60a75223"
  },
  "id": "5bc45f705d9d150530498e70",
  "post_id": "5bc45f705d9d150530498e6f",
  "author_id": "1",
  "sort_order": 0
},{
  "_id": {
    "$oid": "613352b0127201eb60a75224"
  },
  "id": "5bd9c84d5d9d150530498e79",
  "post_id": "5bd9c84d5d9d150530498e78",
  "author_id": "1",
  "sort_order": 0
},{
  "_id": {
    "$oid": "613352b0127201eb60a75225"
  },
  "id": "5be86ea601f0060545c0038c",
  "post_id": "5be86ea601f0060545c0038b",
  "author_id": "1",
  "sort_order": 0
},{
  "_id": {
    "$oid": "613352b0127201eb60a75226"
  },
  "id": "5c2e2f4501f0060545c003a0",
  "post_id": "5c2e2f4501f0060545c0039f",
  "author_id": "1",
  "sort_order": 0
},{
  "_id": {
    "$oid": "613352b0127201eb60a75227"
  },
  "id": "5c577d4f01f0060545c003a9",
  "post_id": "5c577d4f01f0060545c003a8",
  "author_id": "1",
  "sort_order": 0
},{
  "_id": {
    "$oid": "613352b0127201eb60a75228"
  },
  "id": "5cb921477a82760474c58eb3",
  "post_id": "5cb921477a82760474c58eb2",
  "author_id": "1",
  "sort_order": 0
},{
  "_id": {
    "$oid": "613352b0127201eb60a75229"
  },
  "id": "5cb927ff7a82760474c58eb9",
  "post_id": "5cb927ff7a82760474c58eb8",
  "author_id": "1",
  "sort_order": 0
},{
  "_id": {
    "$oid": "613352b0127201eb60a7522a"
  },
  "id": "5cc776a17a82760474c58ec0",
  "post_id": "5cc776a17a82760474c58ebf",
  "author_id": "1",
  "sort_order": 0
},{
  "_id": {
    "$oid": "613352b0127201eb60a7522b"
  },
  "id": "5d05b9ba7a82760474c58ecf",
  "post_id": "5d05b9ba7a82760474c58ece",
  "author_id": "1",
  "sort_order": 0
},{
  "_id": {
    "$oid": "613352b0127201eb60a7522c"
  },
  "id": "5d05c0727a82760474c58ed4",
  "post_id": "5d05c0727a82760474c58ed3",
  "author_id": "1",
  "sort_order": 0
},{
  "_id": {
    "$oid": "613352b0127201eb60a7522d"
  },
  "id": "5d4c70d416e1201e54857aee",
  "post_id": "5d4c70d416e1201e54857aed",
  "author_id": "1",
  "sort_order": 0
},{
  "_id": {
    "$oid": "613352b0127201eb60a7522e"
  },
  "id": "5de47fd593eaaf135d4af2c4",
  "post_id": "5de47fd593eaaf135d4af2c3",
  "author_id": "1",
  "sort_order": 0
},{
  "_id": {
    "$oid": "613352b0127201eb60a7522f"
  },
  "id": "5de7184293eaaf135d4af2ca",
  "post_id": "5de7184293eaaf135d4af2c9",
  "author_id": "1",
  "sort_order": 0
},{
  "_id": {
    "$oid": "613352b0127201eb60a75230"
  },
  "id": "5ef40c1ba3182b026c8ef4be",
  "post_id": "5ef40c1ba3182b026c8ef4bd",
  "author_id": "1",
  "sort_order": 0
},{
  "_id": {
    "$oid": "613352b0127201eb60a75231"
  },
  "id": "5f0dfcada3182b026c8ef4ec",
  "post_id": "5f0dfcada3182b026c8ef4eb",
  "author_id": "1",
  "sort_order": 0
},{
  "_id": {
    "$oid": "613352b0127201eb60a75232"
  },
  "id": "5f136599a3182b026c8ef4f4",
  "post_id": "5f136599a3182b026c8ef4f3",
  "author_id": "1",
  "sort_order": 0
},{
  "_id": {
    "$oid": "613352b0127201eb60a75233"
  },
  "id": "5f9e44bf5a13d8026d2749b3",
  "post_id": "5f9e44bf5a13d8026d2749b2",
  "author_id": "1",
  "sort_order": 0
},{
  "_id": {
    "$oid": "613352b0127201eb60a75234"
  },
  "id": "5f9e44dc5a13d8026d2749b5",
  "post_id": "5f9e44dc5a13d8026d2749b4",
  "author_id": "1",
  "sort_order": 0
},{
  "_id": {
    "$oid": "613352b0127201eb60a75235"
  },
  "id": "5fac3b1e5a13d8026d2749c1",
  "post_id": "5fac3b1e5a13d8026d2749c0",
  "author_id": "1",
  "sort_order": 0
}]