[{
  "_id": {
    "$oid": "61335391127201eb60a753e8"
  },
  "id": "5b30f7aac01faf10fa15afa5",
  "name": "Administrator",
  "description": "Administrators",
  "created_at": "2018-06-25 14:09:46",
  "created_by": "1",
  "updated_at": "2018-06-25 14:09:46",
  "updated_by": "1"
},{
  "_id": {
    "$oid": "61335391127201eb60a753e9"
  },
  "id": "5b30f7aac01faf10fa15afa6",
  "name": "Editor",
  "description": "Editors",
  "created_at": "2018-06-25 14:09:46",
  "created_by": "1",
  "updated_at": "2018-06-25 14:09:46",
  "updated_by": "1"
},{
  "_id": {
    "$oid": "61335391127201eb60a753ea"
  },
  "id": "5b30f7aac01faf10fa15afa7",
  "name": "Author",
  "description": "Authors",
  "created_at": "2018-06-25 14:09:46",
  "created_by": "1",
  "updated_at": "2018-06-25 14:09:46",
  "updated_by": "1"
},{
  "_id": {
    "$oid": "61335391127201eb60a753eb"
  },
  "id": "5b30f7aac01faf10fa15afa8",
  "name": "Contributor",
  "description": "Contributors",
  "created_at": "2018-06-25 14:09:46",
  "created_by": "1",
  "updated_at": "2018-06-25 14:09:46",
  "updated_by": "1"
},{
  "_id": {
    "$oid": "61335391127201eb60a753ec"
  },
  "id": "5b30f7aac01faf10fa15afa9",
  "name": "Owner",
  "description": "Blog Owner",
  "created_at": "2018-06-25 14:09:46",
  "created_by": "1",
  "updated_at": "2018-06-25 14:09:46",
  "updated_by": "1"
}]