[{
  "_id": {
    "$oid": "61335323127201eb60a75239"
  },
  "id": "5b31122ad0998c15939ff580",
  "name": "akai",
  "slug": "akai",
  "description": "",
  "feature_image": null,
  "parent_id": null,
  "visibility": "public",
  "meta_title": null,
  "meta_description": null,
  "created_at": "2018-06-25 16:02:51",
  "created_by": "1",
  "updated_at": "2018-06-25 16:02:51",
  "updated_by": null
},{
  "_id": {
    "$oid": "61335323127201eb60a7523a"
  },
  "id": "5b31122ad0998c15939ff581",
  "name": "alsa",
  "slug": "alsa",
  "description": "",
  "feature_image": null,
  "parent_id": null,
  "visibility": "public",
  "meta_title": null,
  "meta_description": null,
  "created_at": "2018-06-25 16:02:51",
  "created_by": "1",
  "updated_at": "2018-06-25 16:02:51",
  "updated_by": null
},{
  "_id": {
    "$oid": "61335323127201eb60a7523b"
  },
  "id": "5b31122ad0998c15939ff582",
  "name": "amv",
  "slug": "amv",
  "description": "",
  "feature_image": null,
  "parent_id": null,
  "visibility": "public",
  "meta_title": null,
  "meta_description": null,
  "created_at": "2018-06-25 16:02:51",
  "created_by": "1",
  "updated_at": "2018-06-25 16:02:51",
  "updated_by": null
},{
  "_id": {
    "$oid": "61335323127201eb60a7523c"
  },
  "id": "5b31122ad0998c15939ff583",
  "name": "anime",
  "slug": "anime",
  "description": "",
  "feature_image": null,
  "parent_id": null,
  "visibility": "public",
  "meta_title": null,
  "meta_description": null,
  "created_at": "2018-06-25 16:02:51",
  "created_by": "1",
  "updated_at": "2018-06-25 16:02:51",
  "updated_by": null
},{
  "_id": {
    "$oid": "61335323127201eb60a7523d"
  },
  "id": "5b31122ad0998c15939ff584",
  "name": "arch",
  "slug": "arch",
  "description": "",
  "feature_image": null,
  "parent_id": null,
  "visibility": "public",
  "meta_title": null,
  "meta_description": null,
  "created_at": "2018-06-25 16:02:51",
  "created_by": "1",
  "updated_at": "2018-06-25 16:02:51",
  "updated_by": null
},{
  "_id": {
    "$oid": "61335323127201eb60a7523e"
  },
  "id": "5b31122ad0998c15939ff585",
  "name": "atmega",
  "slug": "atmega",
  "description": "",
  "feature_image": null,
  "parent_id": null,
  "visibility": "public",
  "meta_title": null,
  "meta_description": null,
  "created_at": "2018-06-25 16:02:51",
  "created_by": "1",
  "updated_at": "2018-06-25 16:02:51",
  "updated_by": null
},{
  "_id": {
    "$oid": "61335323127201eb60a7523f"
  },
  "id": "5b31122ad0998c15939ff586",
  "name": "audio",
  "slug": "audio",
  "description": "",
  "feature_image": null,
  "parent_id": null,
  "visibility": "public",
  "meta_title": null,
  "meta_description": null,
  "created_at": "2018-06-25 16:02:51",
  "created_by": "1",
  "updated_at": "2018-06-25 16:02:51",
  "updated_by": null
},{
  "_id": {
    "$oid": "61335323127201eb60a75240"
  },
  "id": "5b31122ad0998c15939ff587",
  "name": "blood-c",
  "slug": "blood-c",
  "description": "",
  "feature_image": null,
  "parent_id": null,
  "visibility": "public",
  "meta_title": null,
  "meta_description": null,
  "created_at": "2018-06-25 16:02:51",
  "created_by": "1",
  "updated_at": "2018-06-25 16:02:51",
  "updated_by": null
},{
  "_id": {
    "$oid": "61335323127201eb60a75241"
  },
  "id": "5b31122ad0998c15939ff588",
  "name": "Boku dake ga inai machi",
  "slug": "boku-dake-ga-inai-machi",
  "description": "",
  "feature_image": null,
  "parent_id": null,
  "visibility": "public",
  "meta_title": null,
  "meta_description": null,
  "created_at": "2018-06-25 16:02:51",
  "created_by": "1",
  "updated_at": "2018-06-25 16:02:51",
  "updated_by": null
},{
  "_id": {
    "$oid": "61335323127201eb60a75242"
  },
  "id": "5b31122ad0998c15939ff589",
  "name": "broadcom",
  "slug": "broadcom",
  "description": "",
  "feature_image": null,
  "parent_id": null,
  "visibility": "public",
  "meta_title": null,
  "meta_description": null,
  "created_at": "2018-06-25 16:02:51",
  "created_by": "1",
  "updated_at": "2018-06-25 16:02:51",
  "updated_by": null
},{
  "_id": {
    "$oid": "61335323127201eb60a75243"
  },
  "id": "5b31122ad0998c15939ff58a",
  "name": "buck-tick",
  "slug": "buck-tick",
  "description": "",
  "feature_image": null,
  "parent_id": null,
  "visibility": "public",
  "meta_title": null,
  "meta_description": null,
  "created_at": "2018-06-25 16:02:51",
  "created_by": "1",
  "updated_at": "2018-06-25 16:02:51",
  "updated_by": null
},{
  "_id": {
    "$oid": "61335323127201eb60a75244"
  },
  "id": "5b31122ad0998c15939ff58b",
  "name": "buck-tick side",
  "slug": "buck-tick-side",
  "description": "",
  "feature_image": null,
  "parent_id": null,
  "visibility": "public",
  "meta_title": null,
  "meta_description": null,
  "created_at": "2018-06-25 16:02:51",
  "created_by": "1",
  "updated_at": "2018-06-25 16:02:51",
  "updated_by": null
},{
  "_id": {
    "$oid": "61335323127201eb60a75245"
  },
  "id": "5b31122ad0998c15939ff58c",
  "name": "daw",
  "slug": "daw",
  "description": "",
  "feature_image": null,
  "parent_id": null,
  "visibility": "public",
  "meta_title": null,
  "meta_description": null,
  "created_at": "2018-06-25 16:02:51",
  "created_by": "1",
  "updated_at": "2018-06-25 16:02:51",
  "updated_by": null
},{
  "_id": {
    "$oid": "61335323127201eb60a75246"
  },
  "id": "5b31122ad0998c15939ff58d",
  "name": "death",
  "slug": "death",
  "description": "",
  "feature_image": null,
  "parent_id": null,
  "visibility": "public",
  "meta_title": null,
  "meta_description": null,
  "created_at": "2018-06-25 16:02:51",
  "created_by": "1",
  "updated_at": "2018-06-25 16:02:51",
  "updated_by": null
},{
  "_id": {
    "$oid": "61335323127201eb60a75247"
  },
  "id": "5b31122ad0998c15939ff58e",
  "name": "devil survivor",
  "slug": "devil-survivor",
  "description": "",
  "feature_image": null,
  "parent_id": null,
  "visibility": "public",
  "meta_title": null,
  "meta_description": null,
  "created_at": "2018-06-25 16:02:51",
  "created_by": "1",
  "updated_at": "2018-06-25 16:02:51",
  "updated_by": null
},{
  "_id": {
    "$oid": "61335323127201eb60a75248"
  },
  "id": "5b31122ad0998c15939ff58f",
  "name": "devil survivor 2",
  "slug": "devil-survivor-2",
  "description": "",
  "feature_image": null,
  "parent_id": null,
  "visibility": "public",
  "meta_title": null,
  "meta_description": null,
  "created_at": "2018-06-25 16:02:51",
  "created_by": "1",
  "updated_at": "2018-06-25 16:02:51",
  "updated_by": null
},{
  "_id": {
    "$oid": "61335323127201eb60a75249"
  },
  "id": "5b31122ad0998c15939ff590",
  "name": "diy",
  "slug": "diy",
  "description": "",
  "feature_image": null,
  "parent_id": null,
  "visibility": "public",
  "meta_title": null,
  "meta_description": null,
  "created_at": "2018-06-25 16:02:51",
  "created_by": "1",
  "updated_at": "2018-06-25 16:02:51",
  "updated_by": null
},{
  "_id": {
    "$oid": "61335323127201eb60a7524a"
  },
  "id": "5b31122ad0998c15939ff591",
  "name": "doom",
  "slug": "doom",
  "description": "",
  "feature_image": null,
  "parent_id": null,
  "visibility": "public",
  "meta_title": null,
  "meta_description": null,
  "created_at": "2018-06-25 16:02:51",
  "created_by": "1",
  "updated_at": "2018-06-25 16:02:51",
  "updated_by": null
},{
  "_id": {
    "$oid": "61335323127201eb60a7524b"
  },
  "id": "5b31122ad0998c15939ff592",
  "name": "Erased",
  "slug": "erased",
  "description": "",
  "feature_image": null,
  "parent_id": null,
  "visibility": "public",
  "meta_title": null,
  "meta_description": null,
  "created_at": "2018-06-25 16:02:51",
  "created_by": "1",
  "updated_at": "2018-06-25 16:02:51",
  "updated_by": null
},{
  "_id": {
    "$oid": "61335323127201eb60a7524c"
  },
  "id": "5b31122ad0998c15939ff593",
  "name": "flashboot",
  "slug": "flashboot",
  "description": "",
  "feature_image": null,
  "parent_id": null,
  "visibility": "public",
  "meta_title": null,
  "meta_description": null,
  "created_at": "2018-06-25 16:02:51",
  "created_by": "1",
  "updated_at": "2018-06-25 16:02:51",
  "updated_by": null
},{
  "_id": {
    "$oid": "61335323127201eb60a7524d"
  },
  "id": "5b31122ad0998c15939ff594",
  "name": "freebsd",
  "slug": "freebsd",
  "description": "",
  "feature_image": null,
  "parent_id": null,
  "visibility": "public",
  "meta_title": null,
  "meta_description": null,
  "created_at": "2018-06-25 16:02:51",
  "created_by": "1",
  "updated_at": "2018-06-25 16:02:51",
  "updated_by": null
},{
  "_id": {
    "$oid": "61335323127201eb60a7524e"
  },
  "id": "5b31122ad0998c15939ff595",
  "name": "frontend",
  "slug": "frontend",
  "description": "",
  "feature_image": null,
  "parent_id": null,
  "visibility": "public",
  "meta_title": null,
  "meta_description": null,
  "created_at": "2018-06-25 16:02:51",
  "created_by": "1",
  "updated_at": "2018-06-25 16:02:51",
  "updated_by": null
},{
  "_id": {
    "$oid": "61335323127201eb60a7524f"
  },
  "id": "5b31122ad0998c15939ff596",
  "name": "fx processors",
  "slug": "fx-processors",
  "description": "",
  "feature_image": null,
  "parent_id": null,
  "visibility": "public",
  "meta_title": null,
  "meta_description": null,
  "created_at": "2018-06-25 16:02:51",
  "created_by": "1",
  "updated_at": "2018-06-25 16:02:51",
  "updated_by": null
},{
  "_id": {
    "$oid": "61335323127201eb60a75250"
  },
  "id": "5b31122ad0998c15939ff597",
  "name": "g4",
  "slug": "g4",
  "description": "",
  "feature_image": null,
  "parent_id": null,
  "visibility": "public",
  "meta_title": null,
  "meta_description": null,
  "created_at": "2018-06-25 16:02:51",
  "created_by": "1",
  "updated_at": "2018-06-25 16:02:51",
  "updated_by": null
},{
  "_id": {
    "$oid": "61335323127201eb60a75251"
  },
  "id": "5b31122ad0998c15939ff598",
  "name": "games",
  "slug": "games",
  "description": "",
  "feature_image": null,
  "parent_id": null,
  "visibility": "public",
  "meta_title": null,
  "meta_description": null,
  "created_at": "2018-06-25 16:02:51",
  "created_by": "1",
  "updated_at": "2018-06-25 16:02:51",
  "updated_by": null
},{
  "_id": {
    "$oid": "61335323127201eb60a75252"
  },
  "id": "5b31122ad0998c15939ff599",
  "name": "gothic",
  "slug": "gothic",
  "description": "",
  "feature_image": null,
  "parent_id": null,
  "visibility": "public",
  "meta_title": null,
  "meta_description": null,
  "created_at": "2018-06-25 16:02:51",
  "created_by": "1",
  "updated_at": "2018-06-25 16:02:51",
  "updated_by": null
},{
  "_id": {
    "$oid": "61335323127201eb60a75253"
  },
  "id": "5b31122ad0998c15939ff59a",
  "name": "gps",
  "slug": "gps",
  "description": "",
  "feature_image": null,
  "parent_id": null,
  "visibility": "public",
  "meta_title": null,
  "meta_description": null,
  "created_at": "2018-06-25 16:02:51",
  "created_by": "1",
  "updated_at": "2018-06-25 16:02:51",
  "updated_by": null
},{
  "_id": {
    "$oid": "61335323127201eb60a75254"
  },
  "id": "5b31122ad0998c15939ff59b",
  "name": "guitar fx",
  "slug": "guitar-fx",
  "description": "",
  "feature_image": null,
  "parent_id": null,
  "visibility": "public",
  "meta_title": null,
  "meta_description": null,
  "created_at": "2018-06-25 16:02:51",
  "created_by": "1",
  "updated_at": "2018-06-25 16:02:51",
  "updated_by": null
},{
  "_id": {
    "$oid": "61335323127201eb60a75255"
  },
  "id": "5b31122ad0998c15939ff59c",
  "name": "guitars",
  "slug": "guitars",
  "description": "",
  "feature_image": null,
  "parent_id": null,
  "visibility": "public",
  "meta_title": null,
  "meta_description": null,
  "created_at": "2018-06-25 16:02:51",
  "created_by": "1",
  "updated_at": "2018-06-25 16:02:51",
  "updated_by": null
},{
  "_id": {
    "$oid": "61335323127201eb60a75256"
  },
  "id": "5b31122ad0998c15939ff59d",
  "name": "hackintosh",
  "slug": "hackintosh",
  "description": "",
  "feature_image": null,
  "parent_id": null,
  "visibility": "public",
  "meta_title": null,
  "meta_description": null,
  "created_at": "2018-06-25 16:02:51",
  "created_by": "1",
  "updated_at": "2018-06-25 16:02:51",
  "updated_by": null
},{
  "_id": {
    "$oid": "61335323127201eb60a75257"
  },
  "id": "5b31122ad0998c15939ff59e",
  "name": "halloween",
  "slug": "halloween",
  "description": "",
  "feature_image": null,
  "parent_id": null,
  "visibility": "public",
  "meta_title": null,
  "meta_description": null,
  "created_at": "2018-06-25 16:02:51",
  "created_by": "1",
  "updated_at": "2018-06-25 16:02:51",
  "updated_by": null
},{
  "_id": {
    "$oid": "61335323127201eb60a75258"
  },
  "id": "5b31122ad0998c15939ff59f",
  "name": "hardware",
  "slug": "hardware",
  "description": "",
  "feature_image": null,
  "parent_id": null,
  "visibility": "public",
  "meta_title": null,
  "meta_description": null,
  "created_at": "2018-06-25 16:02:51",
  "created_by": "1",
  "updated_at": "2018-06-25 16:02:51",
  "updated_by": null
},{
  "_id": {
    "$oid": "61335323127201eb60a75259"
  },
  "id": "5b31122ad0998c15939ff5a0",
  "name": "hd",
  "slug": "hd",
  "description": "",
  "feature_image": null,
  "parent_id": null,
  "visibility": "public",
  "meta_title": null,
  "meta_description": null,
  "created_at": "2018-06-25 16:02:51",
  "created_by": "1",
  "updated_at": "2018-06-25 16:02:51",
  "updated_by": null
},{
  "_id": {
    "$oid": "61335323127201eb60a7525a"
  },
  "id": "5b31122ad0998c15939ff5a1",
  "name": "higurashi ost",
  "slug": "higurashi-ost",
  "description": "",
  "feature_image": null,
  "parent_id": null,
  "visibility": "public",
  "meta_title": null,
  "meta_description": null,
  "created_at": "2018-06-25 16:02:51",
  "created_by": "1",
  "updated_at": "2018-06-25 16:02:51",
  "updated_by": null
},{
  "_id": {
    "$oid": "61335323127201eb60a7525b"
  },
  "id": "5b31122ad0998c15939ff5a2",
  "name": "home network",
  "slug": "home-network",
  "description": "",
  "feature_image": null,
  "parent_id": null,
  "visibility": "public",
  "meta_title": null,
  "meta_description": null,
  "created_at": "2018-06-25 16:02:51",
  "created_by": "1",
  "updated_at": "2018-06-25 16:02:51",
  "updated_by": null
},{
  "_id": {
    "$oid": "61335323127201eb60a7525c"
  },
  "id": "5b31122ad0998c15939ff5a3",
  "name": "ios",
  "slug": "ios",
  "description": "",
  "feature_image": null,
  "parent_id": null,
  "visibility": "public",
  "meta_title": null,
  "meta_description": null,
  "created_at": "2018-06-25 16:02:51",
  "created_by": "1",
  "updated_at": "2018-06-25 16:02:51",
  "updated_by": null
},{
  "_id": {
    "$oid": "61335323127201eb60a7525d"
  },
  "id": "5b31122ad0998c15939ff5a4",
  "name": "ipad",
  "slug": "ipad",
  "description": "",
  "feature_image": null,
  "parent_id": null,
  "visibility": "public",
  "meta_title": null,
  "meta_description": null,
  "created_at": "2018-06-25 16:02:51",
  "created_by": "1",
  "updated_at": "2018-06-25 16:02:51",
  "updated_by": null
},{
  "_id": {
    "$oid": "61335323127201eb60a7525e"
  },
  "id": "5b31122ad0998c15939ff5a5",
  "name": "iphone",
  "slug": "iphone",
  "description": "",
  "feature_image": null,
  "parent_id": null,
  "visibility": "public",
  "meta_title": null,
  "meta_description": null,
  "created_at": "2018-06-25 16:02:51",
  "created_by": "1",
  "updated_at": "2018-06-25 16:02:51",
  "updated_by": null
},{
  "_id": {
    "$oid": "61335323127201eb60a7525f"
  },
  "id": "5b31122ad0998c15939ff5a6",
  "name": "j-rock",
  "slug": "j-rock",
  "description": "",
  "feature_image": null,
  "parent_id": null,
  "visibility": "public",
  "meta_title": null,
  "meta_description": null,
  "created_at": "2018-06-25 16:02:51",
  "created_by": "1",
  "updated_at": "2018-06-25 16:02:51",
  "updated_by": null
},{
  "_id": {
    "$oid": "61335323127201eb60a75260"
  },
  "id": "5b31122ad0998c15939ff5a7",
  "name": "jack",
  "slug": "jack",
  "description": "",
  "feature_image": null,
  "parent_id": null,
  "visibility": "public",
  "meta_title": null,
  "meta_description": null,
  "created_at": "2018-06-25 16:02:51",
  "created_by": "1",
  "updated_at": "2018-06-25 16:02:51",
  "updated_by": null
},{
  "_id": {
    "$oid": "61335323127201eb60a75261"
  },
  "id": "5b31122ad0998c15939ff5a8",
  "name": "jrock",
  "slug": "jrock",
  "description": "",
  "feature_image": null,
  "parent_id": null,
  "visibility": "public",
  "meta_title": null,
  "meta_description": null,
  "created_at": "2018-06-25 16:02:51",
  "created_by": "1",
  "updated_at": "2018-06-25 16:02:51",
  "updated_by": null
},{
  "_id": {
    "$oid": "61335323127201eb60a75262"
  },
  "id": "5b31122ad0998c15939ff5a9",
  "name": "jrpg",
  "slug": "jrpg",
  "description": "",
  "feature_image": null,
  "parent_id": null,
  "visibility": "public",
  "meta_title": null,
  "meta_description": null,
  "created_at": "2018-06-25 16:02:51",
  "created_by": "1",
  "updated_at": "2018-06-25 16:02:51",
  "updated_by": null
},{
  "_id": {
    "$oid": "61335323127201eb60a75263"
  },
  "id": "5b31122ad0998c15939ff5aa",
  "name": "la53b",
  "slug": "la53b",
  "description": "",
  "feature_image": null,
  "parent_id": null,
  "visibility": "public",
  "meta_title": null,
  "meta_description": null,
  "created_at": "2018-06-25 16:02:51",
  "created_by": "1",
  "updated_at": "2018-06-25 16:02:51",
  "updated_by": null
},{
  "_id": {
    "$oid": "61335323127201eb60a75264"
  },
  "id": "5b31122ad0998c15939ff5ab",
  "name": "lamp",
  "slug": "lamp",
  "description": "",
  "feature_image": null,
  "parent_id": null,
  "visibility": "public",
  "meta_title": null,
  "meta_description": null,
  "created_at": "2018-06-25 16:02:51",
  "created_by": "1",
  "updated_at": "2018-06-25 16:02:51",
  "updated_by": null
},{
  "_id": {
    "$oid": "61335323127201eb60a75265"
  },
  "id": "5b31122ad0998c15939ff5ac",
  "name": "level e",
  "slug": "level-e",
  "description": "",
  "feature_image": null,
  "parent_id": null,
  "visibility": "public",
  "meta_title": null,
  "meta_description": null,
  "created_at": "2018-06-25 16:02:51",
  "created_by": "1",
  "updated_at": "2018-06-25 16:02:51",
  "updated_by": null
},{
  "_id": {
    "$oid": "61335323127201eb60a75266"
  },
  "id": "5b31122ad0998c15939ff5ad",
  "name": "lexicon nuverb",
  "slug": "lexicon-nuverb",
  "description": "",
  "feature_image": null,
  "parent_id": null,
  "visibility": "public",
  "meta_title": null,
  "meta_description": null,
  "created_at": "2018-06-25 16:02:51",
  "created_by": "1",
  "updated_at": "2018-06-25 16:02:51",
  "updated_by": null
},{
  "_id": {
    "$oid": "61335323127201eb60a75267"
  },
  "id": "5b31122ad0998c15939ff5ae",
  "name": "linux",
  "slug": "linux",
  "description": "",
  "feature_image": null,
  "parent_id": null,
  "visibility": "public",
  "meta_title": null,
  "meta_description": null,
  "created_at": "2018-06-25 16:02:51",
  "created_by": "1",
  "updated_at": "2018-06-25 16:02:51",
  "updated_by": null
},{
  "_id": {
    "$oid": "61335323127201eb60a75268"
  },
  "id": "5b31122ad0998c15939ff5af",
  "name": "mac",
  "slug": "mac",
  "description": "",
  "feature_image": null,
  "parent_id": null,
  "visibility": "public",
  "meta_title": null,
  "meta_description": null,
  "created_at": "2018-06-25 16:02:51",
  "created_by": "1",
  "updated_at": "2018-06-25 16:02:51",
  "updated_by": null
},{
  "_id": {
    "$oid": "61335323127201eb60a75269"
  },
  "id": "5b31122ad0998c15939ff5b0",
  "name": "mac os x",
  "slug": "mac-os-x",
  "description": "",
  "feature_image": null,
  "parent_id": null,
  "visibility": "public",
  "meta_title": null,
  "meta_description": null,
  "created_at": "2018-06-25 16:02:51",
  "created_by": "1",
  "updated_at": "2018-06-25 16:02:51",
  "updated_by": null
},{
  "_id": {
    "$oid": "61335323127201eb60a7526a"
  },
  "id": "5b31122ad0998c15939ff5b1",
  "name": "metal",
  "slug": "metal",
  "description": "",
  "feature_image": null,
  "parent_id": null,
  "visibility": "public",
  "meta_title": null,
  "meta_description": null,
  "created_at": "2018-06-25 16:02:51",
  "created_by": "1",
  "updated_at": "2018-06-25 16:02:51",
  "updated_by": null
},{
  "_id": {
    "$oid": "61335323127201eb60a7526b"
  },
  "id": "5b31122ad0998c15939ff5b2",
  "name": "microcontrollers",
  "slug": "microcontrollers",
  "description": "",
  "feature_image": null,
  "parent_id": null,
  "visibility": "public",
  "meta_title": null,
  "meta_description": null,
  "created_at": "2018-06-25 16:02:51",
  "created_by": "1",
  "updated_at": "2018-06-25 16:02:51",
  "updated_by": null
},{
  "_id": {
    "$oid": "61335323127201eb60a7526c"
  },
  "id": "5b31122ad0998c15939ff5b3",
  "name": "midi",
  "slug": "midi",
  "description": "",
  "feature_image": null,
  "parent_id": null,
  "visibility": "public",
  "meta_title": null,
  "meta_description": null,
  "created_at": "2018-06-25 16:02:51",
  "created_by": "1",
  "updated_at": "2018-06-25 16:02:51",
  "updated_by": null
},{
  "_id": {
    "$oid": "61335323127201eb60a7526d"
  },
  "id": "5b31122ad0998c15939ff5b4",
  "name": "mikrotik",
  "slug": "mikrotik",
  "description": "",
  "feature_image": null,
  "parent_id": null,
  "visibility": "public",
  "meta_title": null,
  "meta_description": null,
  "created_at": "2018-06-25 16:02:51",
  "created_by": "1",
  "updated_at": "2018-06-25 16:02:51",
  "updated_by": null
},{
  "_id": {
    "$oid": "61335323127201eb60a7526e"
  },
  "id": "5b31122ad0998c15939ff5b5",
  "name": "music",
  "slug": "music",
  "description": "",
  "feature_image": null,
  "parent_id": null,
  "visibility": "public",
  "meta_title": null,
  "meta_description": null,
  "created_at": "2018-06-25 16:02:51",
  "created_by": "1",
  "updated_at": "2018-06-25 16:02:51",
  "updated_by": null
},{
  "_id": {
    "$oid": "61335323127201eb60a7526f"
  },
  "id": "5b31122ad0998c15939ff5b6",
  "name": "music production",
  "slug": "music-production",
  "description": "",
  "feature_image": null,
  "parent_id": null,
  "visibility": "public",
  "meta_title": null,
  "meta_description": null,
  "created_at": "2018-06-25 16:02:51",
  "created_by": "1",
  "updated_at": "2018-06-25 16:02:51",
  "updated_by": null
},{
  "_id": {
    "$oid": "61335323127201eb60a75270"
  },
  "id": "5b31122ad0998c15939ff5b7",
  "name": "nas",
  "slug": "nas",
  "description": "",
  "feature_image": null,
  "parent_id": null,
  "visibility": "public",
  "meta_title": null,
  "meta_description": null,
  "created_at": "2018-06-25 16:02:51",
  "created_by": "1",
  "updated_at": "2018-06-25 16:02:51",
  "updated_by": null
},{
  "_id": {
    "$oid": "61335323127201eb60a75271"
  },
  "id": "5b31122ad0998c15939ff5b8",
  "name": "networks",
  "slug": "networks",
  "description": "",
  "feature_image": null,
  "parent_id": null,
  "visibility": "public",
  "meta_title": null,
  "meta_description": null,
  "created_at": "2018-06-25 16:02:51",
  "created_by": "1",
  "updated_at": "2018-06-25 16:02:51",
  "updated_by": null
},{
  "_id": {
    "$oid": "61335323127201eb60a75272"
  },
  "id": "5b31122ad0998c15939ff5b9",
  "name": "new album",
  "slug": "new-album",
  "description": "",
  "feature_image": null,
  "parent_id": null,
  "visibility": "public",
  "meta_title": null,
  "meta_description": null,
  "created_at": "2018-06-25 16:02:51",
  "created_by": "1",
  "updated_at": "2018-06-25 16:02:51",
  "updated_by": null
},{
  "_id": {
    "$oid": "61335323127201eb60a75273"
  },
  "id": "5b31122ad0998c15939ff5ba",
  "name": "nintendo ds",
  "slug": "nintendo-ds",
  "description": "",
  "feature_image": null,
  "parent_id": null,
  "visibility": "public",
  "meta_title": null,
  "meta_description": null,
  "created_at": "2018-06-25 16:02:51",
  "created_by": "1",
  "updated_at": "2018-06-25 16:02:51",
  "updated_by": null
},{
  "_id": {
    "$oid": "61335323127201eb60a75274"
  },
  "id": "5b31122ad0998c15939ff5bb",
  "name": "nitroplus",
  "slug": "nitroplus",
  "description": "",
  "feature_image": null,
  "parent_id": null,
  "visibility": "public",
  "meta_title": null,
  "meta_description": null,
  "created_at": "2018-06-25 16:02:51",
  "created_by": "1",
  "updated_at": "2018-06-25 16:02:51",
  "updated_by": null
},{
  "_id": {
    "$oid": "61335323127201eb60a75275"
  },
  "id": "5b31122ad0998c15939ff5bc",
  "name": "nix",
  "slug": "nix",
  "description": "",
  "feature_image": null,
  "parent_id": null,
  "visibility": "public",
  "meta_title": null,
  "meta_description": null,
  "created_at": "2018-06-25 16:02:51",
  "created_by": "1",
  "updated_at": "2018-06-25 16:02:51",
  "updated_by": null
},{
  "_id": {
    "$oid": "61335323127201eb60a75276"
  },
  "id": "5b31122ad0998c15939ff5bd",
  "name": "opensource",
  "slug": "opensource",
  "description": "",
  "feature_image": null,
  "parent_id": null,
  "visibility": "public",
  "meta_title": null,
  "meta_description": null,
  "created_at": "2018-06-25 16:02:51",
  "created_by": "1",
  "updated_at": "2018-06-25 16:02:51",
  "updated_by": null
},{
  "_id": {
    "$oid": "61335323127201eb60a75277"
  },
  "id": "5b31122ad0998c15939ff5be",
  "name": "os 9",
  "slug": "os-9",
  "description": "",
  "feature_image": null,
  "parent_id": null,
  "visibility": "public",
  "meta_title": null,
  "meta_description": null,
  "created_at": "2018-06-25 16:02:51",
  "created_by": "1",
  "updated_at": "2018-06-25 16:02:51",
  "updated_by": null
},{
  "_id": {
    "$oid": "61335323127201eb60a75278"
  },
  "id": "5b31122ad0998c15939ff5bf",
  "name": "os x",
  "slug": "os-x",
  "description": "",
  "feature_image": null,
  "parent_id": null,
  "visibility": "public",
  "meta_title": null,
  "meta_description": null,
  "created_at": "2018-06-25 16:02:51",
  "created_by": "1",
  "updated_at": "2018-06-25 16:02:51",
  "updated_by": null
},{
  "_id": {
    "$oid": "61335323127201eb60a75279"
  },
  "id": "5b31122ad0998c15939ff5c0",
  "name": "pc",
  "slug": "pc",
  "description": "",
  "feature_image": null,
  "parent_id": null,
  "visibility": "public",
  "meta_title": null,
  "meta_description": null,
  "created_at": "2018-06-25 16:02:51",
  "created_by": "1",
  "updated_at": "2018-06-25 16:02:51",
  "updated_by": null
},{
  "_id": {
    "$oid": "61335323127201eb60a7527a"
  },
  "id": "5b31122ad0998c15939ff5c1",
  "name": "persona 4",
  "slug": "persona-4",
  "description": "",
  "feature_image": null,
  "parent_id": null,
  "visibility": "public",
  "meta_title": null,
  "meta_description": null,
  "created_at": "2018-06-25 16:02:51",
  "created_by": "1",
  "updated_at": "2018-06-25 16:02:51",
  "updated_by": null
},{
  "_id": {
    "$oid": "61335323127201eb60a7527b"
  },
  "id": "5b31122ad0998c15939ff5c2",
  "name": "persona 5",
  "slug": "persona-5",
  "description": "",
  "feature_image": null,
  "parent_id": null,
  "visibility": "public",
  "meta_title": null,
  "meta_description": null,
  "created_at": "2018-06-25 16:02:51",
  "created_by": "1",
  "updated_at": "2018-06-25 16:02:51",
  "updated_by": null
},{
  "_id": {
    "$oid": "61335323127201eb60a7527c"
  },
  "id": "5b31122ad0998c15939ff5c3",
  "name": "pokemon go",
  "slug": "pokemon-go",
  "description": "",
  "feature_image": null,
  "parent_id": null,
  "visibility": "public",
  "meta_title": null,
  "meta_description": null,
  "created_at": "2018-06-25 16:02:51",
  "created_by": "1",
  "updated_at": "2018-06-25 16:02:51",
  "updated_by": null
},{
  "_id": {
    "$oid": "61335323127201eb60a7527d"
  },
  "id": "5b31122ad0998c15939ff5c4",
  "name": "powerpc",
  "slug": "powerpc",
  "description": "",
  "feature_image": null,
  "parent_id": null,
  "visibility": "public",
  "meta_title": null,
  "meta_description": null,
  "created_at": "2018-06-25 16:02:51",
  "created_by": "1",
  "updated_at": "2018-06-25 16:02:51",
  "updated_by": null
},{
  "_id": {
    "$oid": "61335323127201eb60a7527e"
  },
  "id": "5b31122ad0998c15939ff5c5",
  "name": "ppc",
  "slug": "ppc",
  "description": "",
  "feature_image": null,
  "parent_id": null,
  "visibility": "public",
  "meta_title": null,
  "meta_description": null,
  "created_at": "2018-06-25 16:02:51",
  "created_by": "1",
  "updated_at": "2018-06-25 16:02:51",
  "updated_by": null
},{
  "_id": {
    "$oid": "61335323127201eb60a7527f"
  },
  "id": "5b31122ad0998c15939ff5c6",
  "name": "pro late 2016",
  "slug": "pro-late-2016",
  "description": "",
  "feature_image": null,
  "parent_id": null,
  "visibility": "public",
  "meta_title": null,
  "meta_description": null,
  "created_at": "2018-06-25 16:02:51",
  "created_by": "1",
  "updated_at": "2018-06-25 16:02:51",
  "updated_by": null
},{
  "_id": {
    "$oid": "61335323127201eb60a75280"
  },
  "id": "5b31122ad0998c15939ff5c7",
  "name": "protools",
  "slug": "protools",
  "description": "",
  "feature_image": null,
  "parent_id": null,
  "visibility": "public",
  "meta_title": null,
  "meta_description": null,
  "created_at": "2018-06-25 16:02:51",
  "created_by": "1",
  "updated_at": "2018-06-25 16:02:51",
  "updated_by": null
},{
  "_id": {
    "$oid": "61335323127201eb60a75281"
  },
  "id": "5b31122ad0998c15939ff5c8",
  "name": "ps3",
  "slug": "ps3",
  "description": "",
  "feature_image": null,
  "parent_id": null,
  "visibility": "public",
  "meta_title": null,
  "meta_description": null,
  "created_at": "2018-06-25 16:02:51",
  "created_by": "1",
  "updated_at": "2018-06-25 16:02:51",
  "updated_by": null
},{
  "_id": {
    "$oid": "61335323127201eb60a75282"
  },
  "id": "5b31122ad0998c15939ff5c9",
  "name": "ps4",
  "slug": "ps4",
  "description": "",
  "feature_image": null,
  "parent_id": null,
  "visibility": "public",
  "meta_title": null,
  "meta_description": null,
  "created_at": "2018-06-25 16:02:51",
  "created_by": "1",
  "updated_at": "2018-06-25 16:02:51",
  "updated_by": null
},{
  "_id": {
    "$oid": "61335323127201eb60a75283"
  },
  "id": "5b31122ad0998c15939ff5ca",
  "name": "rack",
  "slug": "rack",
  "description": "",
  "feature_image": null,
  "parent_id": null,
  "visibility": "public",
  "meta_title": null,
  "meta_description": null,
  "created_at": "2018-06-25 16:02:51",
  "created_by": "1",
  "updated_at": "2018-06-25 16:02:51",
  "updated_by": null
},{
  "_id": {
    "$oid": "61335323127201eb60a75284"
  },
  "id": "5b31122ad0998c15939ff5cb",
  "name": "react",
  "slug": "react",
  "description": "",
  "feature_image": null,
  "parent_id": null,
  "visibility": "public",
  "meta_title": null,
  "meta_description": null,
  "created_at": "2018-06-25 16:02:51",
  "created_by": "1",
  "updated_at": "2018-06-25 16:02:51",
  "updated_by": null
},{
  "_id": {
    "$oid": "61335323127201eb60a75285"
  },
  "id": "5b31122ad0998c15939ff5cc",
  "name": "ruby on rails",
  "slug": "ruby-on-rails",
  "description": "",
  "feature_image": null,
  "parent_id": null,
  "visibility": "public",
  "meta_title": null,
  "meta_description": null,
  "created_at": "2018-06-25 16:02:51",
  "created_by": "1",
  "updated_at": "2018-06-25 16:02:51",
  "updated_by": null
},{
  "_id": {
    "$oid": "61335323127201eb60a75286"
  },
  "id": "5b31122ad0998c15939ff5cd",
  "name": "sad post",
  "slug": "sad-post",
  "description": "",
  "feature_image": null,
  "parent_id": null,
  "visibility": "public",
  "meta_title": null,
  "meta_description": null,
  "created_at": "2018-06-25 16:02:51",
  "created_by": "1",
  "updated_at": "2018-06-25 16:02:51",
  "updated_by": null
},{
  "_id": {
    "$oid": "61335323127201eb60a75287"
  },
  "id": "5b31122ad0998c15939ff5ce",
  "name": "sales",
  "slug": "sales",
  "description": "",
  "feature_image": null,
  "parent_id": null,
  "visibility": "public",
  "meta_title": null,
  "meta_description": null,
  "created_at": "2018-06-25 16:02:51",
  "created_by": "1",
  "updated_at": "2018-06-25 16:02:51",
  "updated_by": null
},{
  "_id": {
    "$oid": "61335323127201eb60a75288"
  },
  "id": "5b31122ad0998c15939ff5cf",
  "name": "server",
  "slug": "server",
  "description": "",
  "feature_image": null,
  "parent_id": null,
  "visibility": "public",
  "meta_title": null,
  "meta_description": null,
  "created_at": "2018-06-25 16:02:51",
  "created_by": "1",
  "updated_at": "2018-06-25 16:02:51",
  "updated_by": null
},{
  "_id": {
    "$oid": "61335323127201eb60a75289"
  },
  "id": "5b31122ad0998c15939ff5d0",
  "name": "shaft",
  "slug": "shaft",
  "description": "",
  "feature_image": null,
  "parent_id": null,
  "visibility": "public",
  "meta_title": null,
  "meta_description": null,
  "created_at": "2018-06-25 16:02:51",
  "created_by": "1",
  "updated_at": "2018-06-25 16:02:51",
  "updated_by": null
},{
  "_id": {
    "$oid": "61335323127201eb60a7528a"
  },
  "id": "5b31122ad0998c15939ff5d1",
  "name": "shiki",
  "slug": "shiki",
  "description": "",
  "feature_image": null,
  "parent_id": null,
  "visibility": "public",
  "meta_title": null,
  "meta_description": null,
  "created_at": "2018-06-25 16:02:51",
  "created_by": "1",
  "updated_at": "2018-06-25 16:02:51",
  "updated_by": null
},{
  "_id": {
    "$oid": "61335323127201eb60a7528b"
  },
  "id": "5b31122ad0998c15939ff5d2",
  "name": "shiki ost",
  "slug": "shiki-ost",
  "description": "",
  "feature_image": null,
  "parent_id": null,
  "visibility": "public",
  "meta_title": null,
  "meta_description": null,
  "created_at": "2018-06-25 16:02:51",
  "created_by": "1",
  "updated_at": "2018-06-25 16:02:51",
  "updated_by": null
},{
  "_id": {
    "$oid": "61335323127201eb60a7528c"
  },
  "id": "5b31122ad0998c15939ff5d3",
  "name": "shin megami tensei",
  "slug": "shin-megami-tensei",
  "description": "",
  "feature_image": null,
  "parent_id": null,
  "visibility": "public",
  "meta_title": null,
  "meta_description": null,
  "created_at": "2018-06-25 16:02:51",
  "created_by": "1",
  "updated_at": "2018-06-25 16:02:51",
  "updated_by": null
},{
  "_id": {
    "$oid": "61335323127201eb60a7528d"
  },
  "id": "5b31122ad0998c15939ff5d4",
  "name": "soft",
  "slug": "soft",
  "description": "",
  "feature_image": null,
  "parent_id": null,
  "visibility": "public",
  "meta_title": null,
  "meta_description": null,
  "created_at": "2018-06-25 16:02:51",
  "created_by": "1",
  "updated_at": "2018-06-25 16:02:51",
  "updated_by": null
},{
  "_id": {
    "$oid": "61335323127201eb60a7528e"
  },
  "id": "5b31122ad0998c15939ff5d5",
  "name": "software",
  "slug": "software",
  "description": "",
  "feature_image": null,
  "parent_id": null,
  "visibility": "public",
  "meta_title": null,
  "meta_description": null,
  "created_at": "2018-06-25 16:02:51",
  "created_by": "1",
  "updated_at": "2018-06-25 16:02:51",
  "updated_by": null
},{
  "_id": {
    "$oid": "61335323127201eb60a7528f"
  },
  "id": "5b31122ad0998c15939ff5d6",
  "name": "sony",
  "slug": "sony",
  "description": "",
  "feature_image": null,
  "parent_id": null,
  "visibility": "public",
  "meta_title": null,
  "meta_description": null,
  "created_at": "2018-06-25 16:02:51",
  "created_by": "1",
  "updated_at": "2018-06-25 16:02:51",
  "updated_by": null
},{
  "_id": {
    "$oid": "61335323127201eb60a75290"
  },
  "id": "5b31122ad0998c15939ff5d7",
  "name": "sound",
  "slug": "sound",
  "description": "",
  "feature_image": null,
  "parent_id": null,
  "visibility": "public",
  "meta_title": null,
  "meta_description": null,
  "created_at": "2018-06-25 16:02:51",
  "created_by": "1",
  "updated_at": "2018-06-25 16:02:51",
  "updated_by": null
},{
  "_id": {
    "$oid": "61335323127201eb60a75291"
  },
  "id": "5b31122ad0998c15939ff5d8",
  "name": "steins;gate",
  "slug": "steinsgate",
  "description": "",
  "feature_image": null,
  "parent_id": null,
  "visibility": "public",
  "meta_title": null,
  "meta_description": null,
  "created_at": "2018-06-25 16:02:51",
  "created_by": "1",
  "updated_at": "2018-06-25 16:02:51",
  "updated_by": null
},{
  "_id": {
    "$oid": "61335323127201eb60a75292"
  },
  "id": "5b31122ad0998c15939ff5d9",
  "name": "studio",
  "slug": "studio",
  "description": "",
  "feature_image": null,
  "parent_id": null,
  "visibility": "public",
  "meta_title": null,
  "meta_description": null,
  "created_at": "2018-06-25 16:02:51",
  "created_by": "1",
  "updated_at": "2018-06-25 16:02:51",
  "updated_by": null
},{
  "_id": {
    "$oid": "61335323127201eb60a75293"
  },
  "id": "5b31122ad0998c15939ff5da",
  "name": "svt1111z9r",
  "slug": "svt1111z9r",
  "description": "",
  "feature_image": null,
  "parent_id": null,
  "visibility": "public",
  "meta_title": null,
  "meta_description": null,
  "created_at": "2018-06-25 16:02:51",
  "created_by": "1",
  "updated_at": "2018-06-25 16:02:51",
  "updated_by": null
},{
  "_id": {
    "$oid": "61335323127201eb60a75294"
  },
  "id": "5b31122ad0998c15939ff5db",
  "name": "the mortal",
  "slug": "the-mortal",
  "description": "",
  "feature_image": null,
  "parent_id": null,
  "visibility": "public",
  "meta_title": null,
  "meta_description": null,
  "created_at": "2018-06-25 16:02:51",
  "created_by": "1",
  "updated_at": "2018-06-25 16:02:51",
  "updated_by": null
},{
  "_id": {
    "$oid": "61335323127201eb60a75295"
  },
  "id": "5b31122ad0998c15939ff5dc",
  "name": "transmission",
  "slug": "transmission",
  "description": "",
  "feature_image": null,
  "parent_id": null,
  "visibility": "public",
  "meta_title": null,
  "meta_description": null,
  "created_at": "2018-06-25 16:02:51",
  "created_by": "1",
  "updated_at": "2018-06-25 16:02:51",
  "updated_by": null
},{
  "_id": {
    "$oid": "61335323127201eb60a75296"
  },
  "id": "5b31122ad0998c15939ff5dd",
  "name": "tube preamp",
  "slug": "tube-preamp",
  "description": "",
  "feature_image": null,
  "parent_id": null,
  "visibility": "public",
  "meta_title": null,
  "meta_description": null,
  "created_at": "2018-06-25 16:02:51",
  "created_by": "1",
  "updated_at": "2018-06-25 16:02:51",
  "updated_by": null
},{
  "_id": {
    "$oid": "61335323127201eb60a75297"
  },
  "id": "5b31122ad0998c15939ff5de",
  "name": "upgrade",
  "slug": "upgrade",
  "description": "",
  "feature_image": null,
  "parent_id": null,
  "visibility": "public",
  "meta_title": null,
  "meta_description": null,
  "created_at": "2018-06-25 16:02:51",
  "created_by": "1",
  "updated_at": "2018-06-25 16:02:51",
  "updated_by": null
},{
  "_id": {
    "$oid": "61335323127201eb60a75298"
  },
  "id": "5b31122ad0998c15939ff5df",
  "name": "upgraid",
  "slug": "upgraid",
  "description": "",
  "feature_image": null,
  "parent_id": null,
  "visibility": "public",
  "meta_title": null,
  "meta_description": null,
  "created_at": "2018-06-25 16:02:51",
  "created_by": "1",
  "updated_at": "2018-06-25 16:02:51",
  "updated_by": null
},{
  "_id": {
    "$oid": "61335323127201eb60a75299"
  },
  "id": "5b31122ad0998c15939ff5e0",
  "name": "vgc",
  "slug": "vgc",
  "description": "",
  "feature_image": null,
  "parent_id": null,
  "visibility": "public",
  "meta_title": null,
  "meta_description": null,
  "created_at": "2018-06-25 16:02:51",
  "created_by": "1",
  "updated_at": "2018-06-25 16:02:51",
  "updated_by": null
},{
  "_id": {
    "$oid": "61335323127201eb60a7529a"
  },
  "id": "5b31122ad0998c15939ff5e1",
  "name": "vocaloid",
  "slug": "vocaloid",
  "description": "",
  "feature_image": null,
  "parent_id": null,
  "visibility": "public",
  "meta_title": null,
  "meta_description": null,
  "created_at": "2018-06-25 16:02:51",
  "created_by": "1",
  "updated_at": "2018-06-25 16:02:51",
  "updated_by": null
},{
  "_id": {
    "$oid": "61335323127201eb60a7529b"
  },
  "id": "5b31122ad0998c15939ff5e2",
  "name": "webdev",
  "slug": "webdev",
  "description": "",
  "feature_image": null,
  "parent_id": null,
  "visibility": "public",
  "meta_title": null,
  "meta_description": null,
  "created_at": "2018-06-25 16:02:51",
  "created_by": "1",
  "updated_at": "2018-06-25 16:02:51",
  "updated_by": null
},{
  "_id": {
    "$oid": "61335323127201eb60a7529c"
  },
  "id": "5b31122ad0998c15939ff5e3",
  "name": "wi-fi",
  "slug": "wi-fi",
  "description": "",
  "feature_image": null,
  "parent_id": null,
  "visibility": "public",
  "meta_title": null,
  "meta_description": null,
  "created_at": "2018-06-25 16:02:51",
  "created_by": "1",
  "updated_at": "2018-06-25 16:02:51",
  "updated_by": null
},{
  "_id": {
    "$oid": "61335323127201eb60a7529d"
  },
  "id": "5b31122ad0998c15939ff5e4",
  "name": "аццкие эксперементы",
  "slug": "atstskiie-ekspieriemienty",
  "description": "",
  "feature_image": null,
  "parent_id": null,
  "visibility": "public",
  "meta_title": null,
  "meta_description": null,
  "created_at": "2018-06-25 16:02:51",
  "created_by": "1",
  "updated_at": "2018-06-26 14:08:40",
  "updated_by": "1"
},{
  "_id": {
    "$oid": "61335323127201eb60a7529e"
  },
  "id": "5b31122ad0998c15939ff5e5",
  "name": "концерт",
  "slug": "kontsiert",
  "description": "",
  "feature_image": null,
  "parent_id": null,
  "visibility": "public",
  "meta_title": null,
  "meta_description": null,
  "created_at": "2018-06-25 16:02:51",
  "created_by": "1",
  "updated_at": "2018-06-26 14:09:03",
  "updated_by": "1"
},{
  "_id": {
    "$oid": "61335323127201eb60a7529f"
  },
  "id": "5b31122ad0998c15939ff5e6",
  "name": "тупеж",
  "slug": "tupiezh",
  "description": "",
  "feature_image": null,
  "parent_id": null,
  "visibility": "public",
  "meta_title": null,
  "meta_description": null,
  "created_at": "2018-06-25 16:02:51",
  "created_by": "1",
  "updated_at": "2018-06-26 14:09:08",
  "updated_by": "1"
},{
  "_id": {
    "$oid": "61335323127201eb60a752a0"
  },
  "id": "5b336a9003e96c3a17d78f6c",
  "name": "steam",
  "slug": "steam",
  "description": null,
  "feature_image": null,
  "parent_id": null,
  "visibility": "public",
  "meta_title": null,
  "meta_description": null,
  "created_at": "2018-06-27 10:44:32",
  "created_by": "1",
  "updated_at": "2018-06-27 10:44:32",
  "updated_by": "1"
},{
  "_id": {
    "$oid": "61335323127201eb60a752a1"
  },
  "id": "5b3cca24dc0d911ba6edac08",
  "name": "blog",
  "slug": "blog",
  "description": null,
  "feature_image": null,
  "parent_id": null,
  "visibility": "public",
  "meta_title": null,
  "meta_description": null,
  "created_at": "2018-07-04 13:22:44",
  "created_by": "1",
  "updated_at": "2018-07-04 13:22:44",
  "updated_by": "1"
},{
  "_id": {
    "$oid": "61335323127201eb60a752a2"
  },
  "id": "5cb9221f7a82760474c58eb4",
  "name": "javascript",
  "slug": "javascript",
  "description": null,
  "feature_image": null,
  "parent_id": null,
  "visibility": "public",
  "meta_title": null,
  "meta_description": null,
  "created_at": "2019-04-19 01:19:27",
  "created_by": "1",
  "updated_at": "2019-04-19 01:19:27",
  "updated_by": "1"
}]