[{
  "_id": {
    "$oid": "613352dc127201eb60a75236"
  },
  "id": "1",
  "name": "alucard",
  "slug": "alucard",
  "ghost_auth_access_token": null,
  "ghost_auth_id": null,
  "password": "$2a$10$rZhxSQ22Z4iQtb7OIku7wOhoFiFzI4fSzU7PeZm/9GtTYghfMSikC",
  "email": "darkdelirium.z@gmail.com",
  "profile_image": "/content/images/2018/06/ava.png",
  "cover_image": null,
  "bio": null,
  "website": null,
  "location": null,
  "facebook": null,
  "twitter": null,
  "accessibility": "{\"nightShift\":true}",
  "status": "active",
  "locale": null,
  "visibility": "public",
  "meta_title": null,
  "meta_description": null,
  "tour": "[\"using-the-editor\"]",
  "last_seen": "2020-11-11 19:22:31",
  "created_at": "2018-06-25 14:09:47",
  "created_by": "1",
  "updated_at": "2020-11-11 19:22:31",
  "updated_by": "1"
},{
  "_id": {
    "$oid": "613352dc127201eb60a75237"
  },
  "id": "5951f5fca366002ebd5dbef7",
  "name": "Ghost",
  "slug": "ghost",
  "ghost_auth_access_token": null,
  "ghost_auth_id": null,
  "password": "$2a$10$6peham6tUS7/MRf1ZLQnmOSBBFTmJWbdyhx962vmOdS9MyvefMfCi",
  "email": "ghost-author@example.com",
  "profile_image": null,
  "cover_image": null,
  "bio": "You can delete this user to remove all the welcome posts",
  "website": null,
  "location": null,
  "facebook": null,
  "twitter": null,
  "accessibility": null,
  "status": "active",
  "locale": null,
  "visibility": "public",
  "meta_title": null,
  "meta_description": null,
  "tour": null,
  "last_seen": null,
  "created_at": "2018-06-25 14:09:47",
  "created_by": "1",
  "updated_at": "2018-06-25 14:09:47",
  "updated_by": "1"
},{
  "_id": {
    "$oid": "613352dc127201eb60a75238"
  },
  "id": "5b310768d6a63b1467655ac5",
  "name": "alucard",
  "slug": "alucard-2",
  "ghost_auth_access_token": null,
  "ghost_auth_id": null,
  "password": "$2a$10$sXxjMw4iNLUTNlIdGXR5oe1eKHvwfOeYO9ncZ.7/RnNmoTBb/QtK2",
  "email": "alucard.ui@gmail.com",
  "profile_image": null,
  "cover_image": null,
  "bio": "0",
  "website": "http://www.xcoders.ru",
  "location": null,
  "facebook": null,
  "twitter": null,
  "accessibility": null,
  "status": "locked",
  "locale": null,
  "visibility": "public",
  "meta_title": null,
  "meta_description": null,
  "tour": null,
  "last_seen": null,
  "created_at": "2016-02-29 14:29:39",
  "created_by": "5b310768d6a63b1467655ac5",
  "updated_at": "2018-06-25 15:16:56",
  "updated_by": null
}]